<color name="toolbar_title" type="text">#FF0000</color>
<color name="toolbar_title" type="background">#C1FFC1</color>

<color name="text" type="text">#DEB887</color>
<color name="text" type="background">#EDEDED</color>

<color name="app_compat_text" type="text">#9F79EE</color>
<color name="app_compat_text" type="background">#7FFFD4</color>

<color name="edit_text" type="text">#472ec2</color>
<color name="edit_text" type="hint">#472ec2</color>

<color name="app_compat_edit" type="text">#4B0082</color>
<color name="app_compat_edit" type="hint">#00F5FF</color>

<color name="button" type="text">#FCFCFC</color>
<color name="button" type="background">#104E8B</color>

<color name="app_compat_button" type="text">#BCEE68</color>
<color name="app_compat_button" type="background">#FFA500</color>