<colors>
    <color name="colorRed" description="红色">#FF0000</color>
    <color name="colorLightGrass" description="浅草绿">#C1FFC1</color>
    <color name="colorLightOrange" description="浅橙黄">#DEB887</color>
    <color name="colorLightGrey" description="浅灰">#EDEDED</color>
    <color name="colorLightPurple" description="浅紫">#9F79EE</color>
    <color name="colorGrassBlue" description="草绿蓝">#7FFFD4</color>
    <color name="colorBluePurple" description="蓝紫">#472ec2</color>
    <color name="colorPurple" description="紫色">#4B0082</color>
    <color name="colorLightGreenBlue" description="青">#00F5FF</color>
    <color name="colorSnowWhite" description="雪花白">#FCFCFC</color>
    <color name="colorTibetanBlue" description="藏蓝色">#104E8B</color>
    <color name="colorWeakYellow" description="鶸明黄">#BCEE68</color>
    <color name="colorOrangeYellow" description="橙黄色">#FFA500</color>

    <color-array id="toolbar_title" description="">
        <item type="textColor">@color/colorRed</item>
        <item type="backgroundColor">@color/colorLightGrass</item>
    </color-array>
    <color-array id="text" description="">
        <item type="textColor">@color/colorLightOrange</item>
        <item type="backgroundColor">@color/colorLightGrey</item>
    </color-array>
    <color-array id="app_compat_text" description="">
        <item type="textColor">@color/colorLightPurple</item>
        <item type="backgroundColor">@color/colorGrassBlue</item>
    </color-array>
    <color-array id="edit_text" description="">
        <item type="textColor">@color/colorBluePurple</item>
        <item type="hintColor">@color/colorBluePurple</item>
    </color-array>
    <color-array id="app_compat_edit" description="">
        <item type="textColor">@color/colorPurple</item>
        <item type="hintColor">@color/colorLightGreenBlue</item>
    </color-array>
    <color-array id="button" description="">
        <item type="textColor">@color/colorSnowWhite</item>
        <item type="backgroundColor">@color/colorTibetanBlue</item>
    </color-array>
    <color-array id="app_compat_button" description="">
        <item type="textColor">@color/colorWeakYellow</item>
        <item type="background">@color/colorOrangeYellow</item>
    </color-array>
</colors>