<selectors>
    <selector-array id="button" description="">
        <item state_pressed="true" >@drawable/blue_agree_pressed.png</item>
        <item state_selected="true" >@drawable/blue_agree_pressed.png</item>
        <item>@drawable/blue_agree_normal.png</item>
    </selector-array>

    <selector-array id="button1" description="">
        <item state_pressed="true" >@drawable/blue_agree_pressed.png</item>
        <item state_selected="true" >@drawable/blue_agree_pressed.png</item>
        <item>@drawable/blue_agree_normal.png</item>
    </selector-array>

    <selector-array id="button2" description="">
        <item state_pressed="true" >@drawable/yellow_crystal_short_pressed.png</item>
        <item state_selected="true" >@drawable/yellow_crystal_short_pressed.png</item>
        <item>@drawable/yellow_crystal_short_normal.png</item>
    </selector-array>

    <selector-array id="app_compat_button" description="">
        <item state_pressed="true" >@drawable/yellow_crystal_short_pressed.png</item>
        <item state_selected="true" >@drawable/yellow_crystal_short_pressed.png</item>
        <item>@drawable/yellow_crystal_short_normal.png</item>
    </selector-array>

    <selector-array id="image3" description="">
        <item state_pressed="true" >@drawable/fugui8.png</item>
        <item state_selected="true" >@drawable/fugui8.png</item>
        <item>@drawable/fuguizhu.png</item>
    </selector-array>

    <selector-array id="image4" description="">
        <item state_pressed="true" >@drawable/heixuanfeng.png</item>
        <item state_selected="true" >@drawable/heixuanfeng.png</item>
        <item>@drawable/fafafa.png</item>
    </selector-array>
</selectors>